{"$schema":"http://schema.management.azure.com/schemas/2015-01-01/deploymentTemplate.json#","contentVersion":"1.0.0.0","parameters":{"workspaceName":{"type":"string","metadata":"Workspace name","defaultValue":"dpm-synapse-ws"},"LS_ADLSGen2":{"type":"string"}},"variables":{"workspaceId":"[concat('Microsoft.Synapse/workspaces/', parameters('workspaceName'))]"},"resources":[{"name":"[concat(parameters('workspaceName'), '/PL_PUBLISH_CSV_TO_REST_API')]","type":"Microsoft.Synapse/workspaces/pipelines","apiVersion":"2019-06-01-preview","properties":{"activities":[{"name":"Publish the CSV file","type":"WebActivity","dependsOn":[{"activity":"Set Request Body","dependencyConditions":["Succeeded"]}],"policy":{"timeout":"0.12:00:00","retry":0,"retryIntervalInSeconds":30,"secureOutput":false,"secureInput":false},"userProperties":[],"typeProperties":{"url":{"value":"@variables('varURL')","type":"Expression"},"connectVia":{"referenceName":"AutoResolveIntegrationRuntime","type":"IntegrationRuntimeReference"},"method":"POST","headers":{"Content-Type":"multipart/form-data;boundary=49kg16ljr9lnwf92ro15gxegyjtm5tpo"},"body":{"value":"@variables('varBody')","type":"Expression"}}},{"name":"Set Request Body","type":"SetVariable","dependsOn":[{"activity":"Set File Contents","dependencyConditions":["Succeeded"]}],"policy":{"secureOutput":false,"secureInput":false},"userProperties":[],"typeProperties":{"variableName":"varBody","value":{"value":"@concat('--49kg16ljr9lnwf92ro15gxegyjtm5tpo\nContent-Disposition: form-data; name=\"file\"; filename=\"',variables('varFileName'),'\"\nContent-Type: text/csv\n\n',variables('varFileContents'),'\n--49kg16ljr9lnwf92ro15gxegyjtm5tpo--\n')","type":"Expression"}}},{"name":"Get CSV Contents","type":"Lookup","dependsOn":[],"policy":{"timeout":"0.12:00:00","retry":0,"retryIntervalInSeconds":30,"secureOutput":false,"secureInput":false},"userProperties":[],"typeProperties":{"source":{"type":"DelimitedTextSource","storeSettings":{"type":"AzureBlobFSReadSettings","recursive":true,"enablePartitionDiscovery":false},"formatSettings":{"type":"DelimitedTextReadSettings"}},"dataset":{"referenceName":"DS_CSV","type":"DatasetReference","parameters":{}}}},{"name":"Set File Contents","type":"SetVariable","dependsOn":[{"activity":"Get CSV Contents","dependencyConditions":["Succeeded"]}],"policy":{"secureOutput":false,"secureInput":false},"userProperties":[],"typeProperties":{"variableName":"varFileContents","value":{"value":"@activity('Get CSV Contents').output.firstRow.Prop_0","type":"Expression"}}}],"policy":{"elapsedTimeMetric":{},"cancelAfter":{}},"variables":{"varBody":{"type":"String"},"varURL":{"type":"String","defaultValue":"https://webhook.site/5d9c28c5-510c-484d-90de-e6ee783b43f5"},"varFileName":{"type":"String","defaultValue":"sample-file.csv"},"varFileContents":{"type":"String"}},"annotations":[],"lastPublishTime":"2023-08-23T10:52:30Z"},"dependsOn":["[concat(variables('workspaceId'), '/datasets/DS_CSV')]"]},{"name":"[concat(parameters('workspaceName'), '/DS_CSV')]","type":"Microsoft.Synapse/workspaces/datasets","apiVersion":"2019-06-01-preview","properties":{"linkedServiceName":{"referenceName":"[parameters('LS_ADLSGen2')]","type":"LinkedServiceReference"},"annotations":[],"type":"DelimitedText","typeProperties":{"location":{"type":"AzureBlobFSLocation","fileName":"data.csv","fileSystem":"files"},"columnDelimiter":"|","rowDelimiter":"|","escapeChar":"\\","firstRowAsHeader":false,"quoteChar":"\""},"schema":[{"type":"String"},{"type":"String"},{"type":"String"},{"type":"String"},{"type":"String"},{"type":"String"},{"type":"String"},{"type":"String"},{"type":"String"},{"type":"String"}]},"dependsOn":[]},{"name":"[concat(parameters('workspaceName'), '/default')]","type":"Microsoft.Synapse/workspaces/managedVirtualNetworks","apiVersion":"2019-06-01-preview","properties":{},"dependsOn":[]}]}